Id,TARGET_5Yrs
1,0.4958932
8194,0.4446463
3,0.78299665
8196,0.83475757
8197,0.39386085
6,0.6892666
8198,0.5235971
8202,0.42268673
14,0.57889557
8207,0.43991953
17,0.60199416
8214,0.7304086
25,0.59702253
8217,0.7784362
8219,0.8405052
8220,0.71287256
8228,0.81386
38,0.5783482
39,0.34048715
8230,0.71347624
8237,0.83644396
46,0.74324363
47,0.7215074
48,0.48730576
8239,0.7010611
50,0.7869313
51,0.651275
8244,0.8355101
8245,0.68907565
54,0.62253934
8250,0.56419957
60,0.5672058
62,0.46987686
63,0.3778818
8255,0.35564685
8256,0.37393454
68,0.48912323
69,0.52814615
8261,0.5108792
8265,0.85415566
75,0.9119561
77,0.5633892
8269,0.4806272
8273,0.61119443
84,0.586792
8279,0.7113672
8284,0.5186642
93,0.5344714
8288,0.5722281
98,0.46915248
101,0.46159402
104,0.4974451
8297,0.7099676
8305,0.3508528
120,0.9049655
8317,0.49552384
8318,0.672689
8326,0.4502099
8328,0.73576283
137,0.90412956
138,0.836457
139,0.59647506
8329,0.5342516
141,0.82656443
8340,0.7294585
8343,0.3902816
152,0.41994923
156,0.39923206
157,0.39432636
8349,0.58256805
161,0.84265107
8355,0.7938025
8357,0.5196317
167,0.49060696
8359,0.54436266
8361,0.4960522
8362,0.47977376
8367,0.5725834
176,0.58663416
177,0.88309556
8370,0.82589656
181,0.5630891
183,0.6767
184,0.39084888
8376,0.36133912
8377,0.323485
8380,0.51596355
189,0.37677285
191,0.40579098
194,0.5802453
8387,0.74075085
8388,0.40181544
197,0.7789774
8389,0.830002
8392,0.5680826
202,0.83068067
8395,0.7943133
8397,0.83227783
206,0.42438337
8400,0.74424684
210,0.63770366
213,0.69853514
8407,0.85248685
216,0.6290256
8410,0.6254556
8411,0.69483936
221,0.73373723
8415,0.2909178
8418,0.7761063
227,0.30419078
8419,0.82126343
229,0.55352783
8422,0.396336
232,0.83070344
233,0.66185045
235,0.90790075
8427,0.5086095
8429,0.29301193
243,0.5141832
8435,0.47706565
246,0.7926127
247,0.35197335
8439,0.8012607
252,0.71728057
253,0.63423145
8447,0.8041185
256,0.54292107
8448,0.76625943
261,0.7461896
263,0.5067808
8455,0.60490024
8456,0.88304883
8457,0.54443467
8458,0.7207734
269,0.6202328
271,0.64562297
8463,0.78600603
8467,0.8344686
276,0.6572429
277,0.3673679
8468,0.8465322
8469,0.8197035
8470,0.4598643
8472,0.54556715
282,0.44124743
8475,0.675574
284,0.3688884
285,0.41898143
286,0.7776222
8477,0.42539573
8479,0.7734408
289,0.62224114
290,0.39249268
8485,0.7095644
8487,0.79056
8488,0.85039806
301,0.29259872
8493,0.6209053
8494,0.8751599
307,0.31857097
308,0.433179
313,0.75738823
314,0.40730315
315,0.39803618
316,0.6200114
317,0.78496575
8510,0.85633856
8517,0.44949457
326,0.8531044
8518,0.78969604
8519,0.42128396
8521,0.3635788
333,0.777611
334,0.68441546
8525,0.77438897
8530,0.7666076
8531,0.4712006
8532,0.4532514
8533,0.5439391
350,0.32588643
8542,0.6249791
354,0.911653
8547,0.78430694
358,0.41518956
8551,0.71852136
8552,0.29646483
361,0.26629987
364,0.76341885
8556,0.79080945
8558,0.4857018
8560,0.3991192
8563,0.5671987
373,0.5102494
374,0.56218773
375,0.77652824
8565,0.3587338
8567,0.8720457
8568,0.5601777
379,0.37604466
8572,0.42787373
8576,0.56730705
8577,0.5263455
387,0.37905675
8583,0.50768405
395,0.5281114
400,0.25349683
8592,0.5597365
402,0.8155864
8593,0.48423198
8594,0.8251904
406,0.5213155
8598,0.8386698
8601,0.8897405
8603,0.76825905
8604,0.66726017
416,0.78102875
8608,0.4723837
418,0.42360926
8613,0.55189615
424,0.8205752
8618,0.88087815
427,0.6381013
429,0.6185879
430,0.3677945
8622,0.78833395
8624,0.48823574
433,0.6946257
434,0.7122115
8625,0.39861768
436,0.4609719
437,0.73527306
8629,0.5566456
439,0.5083323
8633,0.85496587
8638,0.6200744
449,0.92127776
450,0.68093836
451,0.378988
8642,0.6172318
453,0.84866405
457,0.8176421
463,0.7087806
465,0.69145036
8657,0.6430006
8659,0.8083418
468,0.39167616
8660,0.3462015
470,0.4884628
8661,0.37074792
8663,0.56961316
8667,0.3046029
476,0.79161054
477,0.6426861
478,0.76374227
479,0.65465003
8669,0.73453426
481,0.5886124
482,0.67056495
483,0.3905793
8671,0.67981166
8678,0.81883687
490,0.30671182
8682,0.7922617
493,0.4179247
8686,0.35340384
499,0.6144891
500,0.66128844
501,0.43466717
8693,0.6328627
8694,0.63259804
505,0.5874933
8700,0.4848067
8707,0.3893176
8708,0.5494559
8712,0.49463114
521,0.50377744
8714,0.44389242
8715,0.79657054
8718,0.84716153
528,0.4382325
529,0.47462952
530,0.6628362
8721,0.74978137
532,0.80468357
8722,0.53273976
538,0.79649484
540,0.56771153
541,0.7908365
8737,0.8369358
548,0.84502375
550,0.5571237
8742,0.4067379
552,0.6464518
8746,0.5494864
555,0.55633736
556,0.27938038
8749,0.501894
558,0.79936606
8754,0.86033714
8756,0.7307642
565,0.31039515
8760,0.87099457
8761,0.4498735
571,0.73924994
8763,0.7287984
8768,0.6772845
579,0.750149
8772,0.37393174
8775,0.3107065
584,0.4790906
586,0.67222023
8778,0.60960865
8783,0.5195523
595,0.49865365
8787,0.48678985
8789,0.6647206
8790,0.8398949
8792,0.7536005
605,0.41338342
608,0.5971328
8800,0.43581295
8801,0.8832586
611,0.52106506
8802,0.5401496
613,0.41444546
8806,0.6226741
616,0.8017937
8809,0.49295595
8810,0.68683964
8815,0.449961
8819,0.6865723
8822,0.5649084
631,0.5924969
8823,0.7603828
633,0.49390063
8825,0.5399737
8826,0.6005413
636,0.6898239
8829,0.62881905
638,0.49974775
639,0.7600424
8830,0.42086875
8831,0.62638515
8832,0.36767218
8835,0.75356257
644,0.7474113
645,0.33329493
8837,0.68134177
647,0.39933616
649,0.885034
8842,0.60759676
651,0.32899922
8844,0.6257288
653,0.7854667
654,0.80490965
8845,0.66886145
8851,0.30975243
8854,0.4394475
8856,0.5911884
665,0.61222106
666,0.38304055
8858,0.42942932
668,0.42832735
8859,0.6793522
670,0.5947437
8861,0.5228627
8862,0.59979105
8864,0.7708226
674,0.28940448
675,0.8153979
8865,0.7348945
677,0.44120353
678,0.8183197
679,0.6127907
8866,0.85073966
8868,0.8467659
682,0.7153156
8870,0.39562714
684,0.40413937
685,0.27567232
8872,0.55844194
687,0.6117254
8874,0.53106415
689,0.65526736
8877,0.47928274
8883,0.40864125
693,0.6005318
694,0.8303392
696,0.6139268
8891,0.6209594
8893,0.65236735
8897,0.5674915
710,0.5451888
8904,0.77552444
714,0.48194626
715,0.68152493
8907,0.41608953
719,0.65044934
8912,0.43384975
8913,0.82643527
724,0.32363757
8916,0.59113455
8923,0.69963557
8926,0.7743325
735,0.47715032
8929,0.23779914
8930,0.8544067
740,0.5071783
742,0.67185533
743,0.6978482
8934,0.7820102
8938,0.560702
8939,0.7077728
752,0.78888035
753,0.48422387
8944,0.87693346
8947,0.63307
8949,0.7522167
8951,0.56080437
8959,0.7945658
769,0.6327368
8962,0.572969
8966,0.5888625
8969,0.556973
8973,0.3534162
789,0.6923503
792,0.3802051
793,0.50299114
794,0.62394744
8988,0.5536165
8991,0.51862824
800,0.51868534
8993,0.6181175
8994,0.83938414
804,0.63063
805,0.8707138
8997,0.6510009
8999,0.43985543
811,0.6839117
9004,0.5058242
9006,0.66604626
817,0.86108005
822,0.80983293
825,0.64881235
9017,0.4731692
9021,0.49241728
830,0.47161168
832,0.48078203
833,0.42827782
838,0.45491174
846,0.78626287
9039,0.59410775
9040,0.6358595
9041,0.6178583
852,0.85292435
853,0.5690249
9048,0.6402679
9049,0.730867
9056,0.66182667
865,0.37013906
866,0.40436387
9057,0.42521003
9061,0.39183396
872,0.50005734
873,0.85056967
874,0.6040625
875,0.59808284
9069,0.72349334
878,0.7903953
9070,0.32137886
885,0.751167
9077,0.8609263
888,0.7826152
891,0.79435664
892,0.573862
893,0.59452236
894,0.6036761
9083,0.36338043
896,0.56831634
9087,0.90322244
898,0.7175205
9088,0.4421256
9090,0.6804475
903,0.5258931
9095,0.35347703
9102,0.40632662
911,0.6174873
912,0.71418947
9103,0.5995205
914,0.33582667
9106,0.48493022
9107,0.6538366
917,0.3810083
918,0.69235367
920,0.71249485
9113,0.7195994
9114,0.456691
923,0.5317264
9123,0.5058654
933,0.5781251
934,0.6390546
9126,0.43318367
9128,0.9130687
937,0.45130324
9133,0.78619415
945,0.55378234
9137,0.47639954
947,0.76141447
948,0.65149534
949,0.44035447
9144,0.48048544
953,0.8370328
9146,0.45819446
955,0.5310961
9148,0.49840733
959,0.7214781
960,0.5146434
961,0.595552
9154,0.5747994
964,0.673307
9157,0.89000285
9158,0.5683376
968,0.73946846
9160,0.3368215
971,0.51914674
972,0.32050967
973,0.61416084
9163,0.68542004
9167,0.5053528
976,0.54827744
980,0.6800935
982,0.7287171
9175,0.36464387
9176,0.4777388
986,0.85549426
987,0.38431528
9181,0.5736873
9186,0.60588825
997,0.47640252
9189,0.5301439
999,0.48752937
1001,0.4436739
9193,0.7375601
9194,0.5934952
9195,0.43773746
9198,0.7346636
9199,0.80416733
9201,0.45170286
1010,0.38717332
9204,0.46869072
9207,0.53469735
9213,0.71276385
1023,0.31420633
9218,0.5843101
1027,0.37600976
9220,0.56956524
9222,0.53853357
1031,0.466011
1037,0.5103467
1038,0.5988593
1039,0.48570517
9233,0.69587344
1047,0.89452535
1049,0.5711839
9241,0.2728754
1053,0.43267056
9245,0.5509543
1055,0.3696724
9248,0.58696747
9251,0.6158537
1061,0.6272179
1064,0.71028584
9256,0.59987354
9262,0.5945388
1072,0.6689433
1073,0.57920825
9266,0.43154615
1075,0.6813171
1082,0.73767114
1086,0.77143896
1087,0.5195247
1089,0.6512039
9282,0.42155525
1091,0.33879012
1092,0.5009076
9283,0.43647295
1094,0.5104163
1095,0.8916476
9284,0.91637176
9285,0.65428793
1100,0.85140383
9292,0.61534077
9293,0.8151261
1104,0.5519979
9296,0.50709563
9300,0.43009785
1109,0.77762777
9302,0.46482873
1112,0.49593762
9304,0.29793268
1117,0.77332205
9309,0.54048
9310,0.78102875
9314,0.62302446
1123,0.6818041
1125,0.3302735
9317,0.73404384
1131,0.67406535
1132,0.46987465
9324,0.8065959
1134,0.5582704
9330,0.6206874
9331,0.5287726
9332,0.88275665
1146,0.5656844
9340,0.50077105
1150,0.67109936
1151,0.73796594
9346,0.33427557
1156,0.53484714
9348,0.80577177
9350,0.8272028
9351,0.80355924
9353,0.62490517
9354,0.90997547
9355,0.61804813
9356,0.7620248
1165,0.78544396
9359,0.6217294
9360,0.85663897
1170,0.6329025
1172,0.8245583
1173,0.5850575
1174,0.36215237
1175,0.7703154
9365,0.54870075
1180,0.65005785
9373,0.56790817
9374,0.50344336
1184,0.82260746
1185,0.84565324
1189,0.53387654
1192,0.590359
1193,0.7593674
1194,0.5674274
1195,0.7500968
9384,0.56229216
9385,0.43037072
9387,0.45772237
9392,0.70903134
9394,0.3871532
9395,0.4877338
1205,0.44705835
1207,0.6146312
9401,0.50343394
1211,0.49172106
1212,0.32872695
9403,0.61253804
9405,0.6270951
1215,0.8549309
1216,0.6454329
9419,0.4715603
9420,0.5026199
1229,0.7715054
1230,0.5255053
9421,0.40961832
9423,0.5758254
1233,0.6166423
9425,0.6072135
9433,0.34335175
1243,0.8736759
1246,0.5039139
1249,0.53076035
1253,0.8095397
9445,0.2941859
9446,0.6470821
9447,0.65231365
9448,0.28144
1262,0.6341797
1264,0.32943448
9458,0.52760136
9461,0.9020274
1270,0.47292086
9462,0.700859
9463,0.6959429
1278,0.53540426
1280,0.44062907
9472,0.7274292
1288,0.60480624
1289,0.39224437
9480,0.4871775
1291,0.31425422
9481,0.8607826
9483,0.71178603
9485,0.85310864
1295,0.70962906
1296,0.56848353
9487,0.6232489
1298,0.70970714
9490,0.55912626
9492,0.72469807
1301,0.5205182
9493,0.63643837
1303,0.5383413
1307,0.366952
9503,0.45758668
1312,0.7047527
1314,0.72683287
1317,0.27740103
9509,0.42918324
1319,0.5959468
1320,0.6695525
1321,0.8678638
9511,0.71257234
9512,0.55636805
9513,0.6679702
9514,0.8349664
9516,0.62625384
9517,0.77403456
1328,0.32034215
9519,0.73673296
1331,0.8623836
1335,0.6424481
9527,0.54502076
1339,0.61193734
1341,0.32051745
9533,0.8112371
9538,0.5064497
9540,0.8853121
9542,0.5224049
9543,0.6670772
1352,0.43665713
9545,0.5480179
1356,0.40309358
1357,0.4866859
9551,0.476959
1361,0.58938533
1362,0.75785273
9555,0.50277877
9556,0.45807204
9561,0.6101513
9564,0.64891493
9565,0.8546949
9567,0.5350085
9568,0.45726764
9569,0.8218927
1379,0.6743113
1380,0.5665692
1382,0.5566479
1383,0.48153156
9577,0.45494425
1386,0.5005267
1387,0.49843854
1392,0.6229697
1395,0.29817912
9588,0.52860093
9590,0.8839167
1401,0.4136618
9596,0.4818732
1405,0.6983458
1409,0.50125015
9601,0.33293715
1412,0.3465101
9605,0.80235255
1414,0.7122396
1417,0.71504146
9609,0.5271081
1421,0.7589272
9613,0.49757725
1424,0.86195916
1425,0.83955854
9617,0.6869292
1427,0.83850664
1428,0.30502164
9620,0.3484601
1430,0.7912937
1431,0.7316839
9621,0.7282665
9623,0.4383772
9624,0.5679732
1435,0.6996915
9629,0.7614826
9631,0.8239357
9632,0.823468
9634,0.6001202
9635,0.75897413
1446,0.62087756
9641,0.78838176
1451,0.5310253
9644,0.7181606
1456,0.73291457
1457,0.61878973
1459,0.49946442
9656,0.64085585
9663,0.60771555
9664,0.41919398
1474,0.28136778
1478,0.45443782
1479,0.45220348
9672,0.70402163
1482,0.4537633
1487,0.49957514
9679,0.6516647
9683,0.55998504
1493,0.57769454
9686,0.65351635
1495,0.6575942
9687,0.77676094
9690,0.68860054
1499,0.5492705
1503,0.76443845
1504,0.6231343
9697,0.8564909
9700,0.55725086
1510,0.67631453
9702,0.6757679
9706,0.49023512
9707,0.6373259
1516,0.6967706
9709,0.5725366
1519,0.62337995
1525,0.8078708
9724,0.33750167
9726,0.41481015
1535,0.35226902
1538,0.29301953
9732,0.6524075
9733,0.2916714
9738,0.6695648
1548,0.7107531
1551,0.6203636
9744,0.5471665
1554,0.57174927
1556,0.83963525
9748,0.3693711
9750,0.83272815
1559,0.28294384
1561,0.77165306
1564,0.31078026
9756,0.611143
1567,0.8157254
1569,0.67220783
9761,0.5618832
9763,0.325168
9764,0.55644846
9768,0.40706617
9769,0.7275185
1578,0.4588437
1580,0.4480627
1581,0.6406138
1582,0.5154425
9772,0.6104155
1586,0.5465322
9785,0.59360194
9786,0.56774944
1595,0.3953516
1597,0.6467288
1598,0.5776389
9789,0.6442403
1600,0.7648132
1601,0.76760614
1602,0.74964726
9795,0.41224366
9800,0.5499896
9802,0.74452937
1611,0.34876218
9803,0.58083135
9805,0.5053175
1614,0.4514035
9807,0.88188356
9808,0.5076797
1617,0.6709349
1618,0.55243856
9810,0.5182048
1624,0.3505964
9818,0.47957957
9821,0.58733916
9822,0.57948875
1631,0.558099
9824,0.62878263
9827,0.4728972
1638,0.3101965
9832,0.45946467
1641,0.57945347
9834,0.60302526
1643,0.75710464
9835,0.44584626
1646,0.77404433
9838,0.80303067
9840,0.38577425
9841,0.6488228
9843,0.68255436
1652,0.618897
9847,0.7987103
9852,0.4460842
1663,0.6759427
1666,0.6230247
9860,0.59542185
9861,0.5486918
9868,0.36099356
1677,0.46793535
1680,0.57019717
9873,0.54458034
1683,0.5324749
9876,0.42318305
9877,0.64157945
1693,0.77563024
9887,0.36511627
1700,0.4217987
1701,0.334221
1702,0.43587455
1706,0.88549113
1708,0.40569603
9904,0.51203746
1713,0.7012
9905,0.43475023
9907,0.53653955
1718,0.4713543
1721,0.82841116
1722,0.4430589
9913,0.34052634
9916,0.50315815
1725,0.88614196
9918,0.40665975
9924,0.39431074
1733,0.64645666
9927,0.5168022
9928,0.26871762
1737,0.5608152
9930,0.6750672
9932,0.5212377
1741,0.772225
9933,0.5088161
9935,0.5118828
1749,0.6579193
1751,0.6010645
9943,0.49373564
9945,0.4028375
1754,0.5494544
9947,0.6571026
1759,0.65294695
1762,0.6345191
1767,0.41767642
9959,0.6926708
9961,0.46291614
9967,0.5682157
1776,0.88744676
1777,0.4369431
1778,0.53077596
9969,0.4829636
1780,0.52850455
9973,0.6119264
1786,0.76183987
1792,0.3588145
9984,0.5894693
9985,0.7084617
9986,0.7375454
1797,0.5723283
1798,0.54280615
9989,0.61680895
9992,0.6695766
1801,0.4934734
9997,0.4289837
10000,0.48364502
1809,0.3738015
1814,0.8757918
10008,0.5486045
1819,0.5803578
10011,0.7072482
10013,0.51235014
1823,0.78122425
10018,0.6770748
1827,0.37564808
1829,0.5868985
1830,0.5386467
1831,0.57693416
10025,0.35191435
10029,0.7494538
1839,0.3358761
10032,0.83711886
10033,0.70507026
10034,0.5213585
10037,0.38943675
10038,0.53083813
1848,0.65268874
1851,0.65722495
1852,0.5486763
10045,0.77462286
10046,0.5397366
10047,0.81803316
1857,0.6213989
10050,0.8385601
10051,0.581793
1860,0.7351714
10052,0.8254857
1862,0.87206095
1863,0.69782805
1864,0.30271554
1865,0.25527987
10056,0.7170315
10057,0.5356157
10059,0.5863828
1870,0.48040724
10062,0.47476536
10064,0.5016987
1874,0.64770514
10066,0.73995477
10069,0.6589929
1885,0.6541853
1886,0.7125503
10077,0.745807
10078,0.63631344
10079,0.3746064
10082,0.7499688
1891,0.7088927
10083,0.25011092
10084,0.40207785
1894,0.48833576
1895,0.8323284
10087,0.62392247
1898,0.6901349
1899,0.6346665
10092,0.54996014
10093,0.31805405
1902,0.4343749
1903,0.33261776
1904,0.57354057
10097,0.30983147
1907,0.6603748
10103,0.5947613
1912,0.49187204
1915,0.501887
10107,0.73870784
1917,0.44574153
1918,0.57400566
1919,0.34456697
10110,0.7326206
1921,0.54992425
10112,0.9002106
1923,0.5632096
10114,0.6987494
1928,0.7971842
10126,0.62422067
10131,0.78844285
1941,0.5092231
10133,0.825046
1943,0.72528154
1944,0.721781
1945,0.42872953
10135,0.77512413
10136,0.64535403
10137,0.47664154
1949,0.7035264
10140,0.5481114
1951,0.7463115
10141,0.30743146
10142,0.62471795
10143,0.5469431
10148,0.5817615
10151,0.47304899
10157,0.8152674
1966,0.5702612
1968,0.3660523
10162,0.3822034
1972,0.6988573
1973,0.29615715
1985,0.68978345
10177,0.44188097
1987,0.80427057
10178,0.79194206
1989,0.8564316
10182,0.47421393
1991,0.6437331
1992,0.72237235
10185,0.8228982
10187,0.6443081
1997,0.35055363
1998,0.41555116
1999,0.6521967
10190,0.539436
10193,0.8767926
10197,0.8577007
10198,0.75121975
10200,0.44044065
2009,0.88845396
10202,0.6614584
2011,0.34608915
10205,0.55800104
2016,0.59737885
2017,0.589115
2018,0.6210676
10209,0.3739214
2020,0.6668757
10214,0.58467084
10215,0.28694275
10216,0.39048383
2026,0.36288494
10220,0.7986268
10223,0.6899232
10225,0.48261032
10227,0.41687685
2039,0.8070111
10236,0.40708277
2048,0.38016394
10243,0.47459784
10247,0.59276676
10249,0.7071209
10251,0.5805514
2061,0.7158323
10254,0.6035075
10255,0.49056622
10258,0.49591273
2067,0.8662371
10259,0.5847978
2069,0.34500968
2070,0.53803086
10260,0.48560727
2073,0.8642375
10266,0.4878029
2084,0.7464245
10278,0.48197162
2088,0.5640406
10281,0.3897741
10282,0.5743705
2092,0.565327
2093,0.6497164
10286,0.57048655
2096,0.42521107
10291,0.80239356
2101,0.7614609
10295,0.29061005
10296,0.7530789
10297,0.73952717
2106,0.5828783
10298,0.5963098
10306,0.38634345
2116,0.5495061
10309,0.5307038
2118,0.51139313
2122,0.6726033
10317,0.6163068
2126,0.3364634
2127,0.6148706
10323,0.38817668
2132,0.5242438
2134,0.47228724
2136,0.7114887
10329,0.44424766
2138,0.53227776
2139,0.8311584
10331,0.7664033
2141,0.48801008
10336,0.62765473
2145,0.48890042
2146,0.6402128
10340,0.25162846
10342,0.6346283
10344,0.65408546
10345,0.6584131
10348,0.67770743
10350,0.76897514
10352,0.70567006
10354,0.57243985
10355,0.31587192
10358,0.61602217
2167,0.6060837
10359,0.64170563
2170,0.55703086
10365,0.2877097
2175,0.75656545
10369,0.56466746
2180,0.55585665
2183,0.4131303
10375,0.6682343
10376,0.34773034
10382,0.42423964
10385,0.41520584
10387,0.76809204
10392,0.63011163
2201,0.6978543
2202,0.418067
10394,0.7500066
10395,0.35244304
2205,0.56196404
2206,0.42839614
10397,0.45890796
10398,0.5279429
10401,0.6089756
10402,0.7605388
2211,0.584192
2212,0.53285736
10403,0.7082718
2214,0.5230621
2215,0.39556715
10404,0.8120753
2218,0.8165053
10411,0.5452972
10412,0.80628014
10414,0.883342
10415,0.8130614
10416,0.48237738
10418,0.59239614
2229,0.44994375
10423,0.34433037
2232,0.8579084
10424,0.34841257
2234,0.73376024
2235,0.6922101
10426,0.48158544
10431,0.49975443
2240,0.76056725
2242,0.514294
2243,0.57444423
10436,0.59105384
2249,0.6516481
10441,0.71243435
10443,0.64734614
2254,0.445138
10448,0.67404395
10449,0.3912373
10451,0.52678394
2261,0.3962351
10458,0.51132005
10459,0.7259426
10460,0.54883945
10461,0.5252278
2271,0.668483
10465,0.6498645
10468,0.44384292
2277,0.4603325
2278,0.6954947
10469,0.4069682
2283,0.4820006
2284,0.50853753
2285,0.6367054
10479,0.6321318
2288,0.37857676
10483,0.5826496
2292,0.77340436
10486,0.66593164
10489,0.32852808
10490,0.90612215
10491,0.66074395
2300,0.71632737
10492,0.6086546
10495,0.6390815
10498,0.2707813
2307,0.5745563
2310,0.42411292
10502,0.4570994
10506,0.32275385
2315,0.27784953
10510,0.40048778
10511,0.5409617
2320,0.47251484
10518,0.6020256
2327,0.66975194
10520,0.8113964
2331,0.72836924
10524,0.82019496
2333,0.66501117
2334,0.6745083
10526,0.7223371
10527,0.5404592
2338,0.6068437
2339,0.50057524
2340,0.3904919
2344,0.7839386
10539,0.7170986
2348,0.32521397
2351,0.8516731
2352,0.2674996
10544,0.706179
2356,0.59454376
10549,0.51686305
2362,0.38478857
10555,0.8448203
2365,0.504072
2366,0.8087641
10557,0.55387324
2368,0.6065663
10559,0.39915386
10560,0.502017
10561,0.6968468
10562,0.39403915
10564,0.87149805
10565,0.41268823
2375,0.765498
10566,0.40752363
10570,0.7267775
2379,0.73743296
2380,0.6557605
2381,0.7468371
10571,0.61663276
10572,0.6778738
10576,0.65785193
10577,0.58704805
10578,0.8233227
2387,0.6471047
2390,0.60019433
2394,0.54664904
2395,0.49092165
10588,0.6946649
2398,0.70226645
2399,0.2920048
10591,0.8585693
2402,0.299667
2403,0.6207141
10598,0.3286523
10602,0.68305355
2411,0.6564787
10603,0.8039756
10604,0.50166506
10606,0.62953746
10608,0.46108145
2417,0.39801195
10609,0.82249075
2419,0.683353
10612,0.50378186
2423,0.36212167
2424,0.5474329
2425,0.47677585
10621,0.7113539
10622,0.7785259
2431,0.90416366
2432,0.8460077
10627,0.84623027
10628,0.73483056
2438,0.6345377
10635,0.3925214
2445,0.75051445
10639,0.85223526
2455,0.5345431
2456,0.5992661
10648,0.81735337
10652,0.59974957
10658,0.64589554
10662,0.8004235
2471,0.6176728
10663,0.52071816
2475,0.6712466
2476,0.5311474
10670,0.53286856
10671,0.63360065
10672,0.4348099
10673,0.3660844
2482,0.7796133
10675,0.9042507
10677,0.44096336
2495,0.6719457
2499,0.8640459
2500,0.75185645
2502,0.6632873
10694,0.6445095
2505,0.57140106
2507,0.59132737
10700,0.64403206
10705,0.7384971
10709,0.42460877
2518,0.63485014
10710,0.6891016
10712,0.35759702
2524,0.7597044
2525,0.69549423
10723,0.5715514
2532,0.68663645
10728,0.4652854
10729,0.60165054
2540,0.2837869
2543,0.76647854
2544,0.5133454
10736,0.56115705
10737,0.43956667
2547,0.69764686
10738,0.59660876
2550,0.53834504
10744,0.8315075
10745,0.43545324
2554,0.44461462
2556,0.43253946
10750,0.5468869
2559,0.43654916
10751,0.5636473
10754,0.75218886
2568,0.45831755
2569,0.33641037
2571,0.45856157
2576,0.67814976
2577,0.543293
10768,0.3500171
2579,0.45838386
2580,0.736529
10769,0.50195956
2582,0.5454089
10773,0.7373409
10775,0.7002585
10777,0.87754774
10784,0.7962961
10785,0.6728019
10786,0.59131265
10793,0.52635956
2605,0.6938066
10799,0.7153322
2609,0.75636595
10801,0.6642884
2611,0.5248463
2614,0.5493489
10806,0.2542964
2616,0.36055142
2619,0.4058834
10811,0.7630158
2621,0.77503467
2622,0.59872913
10812,0.8082893
10813,0.5492881
10816,0.69670624
10818,0.7614986
10819,0.47933456
10822,0.6190346
2631,0.7968978
2633,0.4691693
10828,0.817841
2637,0.7789081
2638,0.431784
2639,0.6289783
10830,0.66170394
10833,0.49297178
10834,0.65805465
2644,0.265015
2647,0.6415175
2650,0.36937207
10843,0.6600918
2654,0.42077798
2655,0.4616777
2656,0.6030322
10850,0.64686203
2659,0.7575383
10852,0.42751396
2661,0.7768687
10854,0.6570947
2663,0.74167454
10857,0.48023498
2666,0.81091774
10862,0.4740131
2671,0.59277093
10864,0.57654566
2675,0.3983262
2680,0.4826488
10872,0.7236432
2683,0.32744172
10875,0.2969076
2689,0.5728735
2694,0.324532
10887,0.6814243
2696,0.64081943
10888,0.57415813
2698,0.6426826
2704,0.3958195
10897,0.64764583
2708,0.67366165
2712,0.61421186
2713,0.6527966
10904,0.35758904
2716,0.44970205
2717,0.5542831
2718,0.41541258
10910,0.5012886
2720,0.8429993
10911,0.36223498
10913,0.72565013
10916,0.32554647
2725,0.3152708
2732,0.88624924
2733,0.49011588
10924,0.3848539
10927,0.7826607
2736,0.5394239
2738,0.27037594
10932,0.73799694
2741,0.3641886
10933,0.37231702
10934,0.37463114
10935,0.32353824
2747,0.52760816
2748,0.49796453
10942,0.7435888
10946,0.5694354
2755,0.90467054
10948,0.7038698
2757,0.78055936
2758,0.89331603
2762,0.76572454
2764,0.6702699
10957,0.53115994
10959,0.7629028
10961,0.80897856
10962,0.8106484
10963,0.4375865
10966,0.4920971
2775,0.8484475
10969,0.4932065
2778,0.7802635
10972,0.72625935
2781,0.34681886
2782,0.59531194
10973,0.4665119
10975,0.47850922
2785,0.36973354
2791,0.5967776
10983,0.6756097
2793,0.73104113
10991,0.79078966
2803,0.72668827
10996,0.5959013
2809,0.62201834
2815,0.65946174
11007,0.7939663
2822,0.6803802
2825,0.8257815
2826,0.45310557
2829,0.801951
11021,0.48425892
2831,0.45623547
2835,0.5527567
11027,0.5400518
11030,0.52396536
11031,0.60820454
2842,0.64332986
2845,0.40546626
11038,0.7190591
2848,0.35647646
2850,0.6601943
11043,0.39950258
11044,0.4230478
11047,0.5513236
2858,0.8157062
11051,0.34749156
11054,0.53716904
2863,0.42038202
11058,0.45122832
2867,0.8785102
2868,0.377381
11060,0.7423153
11061,0.6056885
11062,0.4476781
2876,0.85189945
2877,0.57152444
2878,0.6660027
11069,0.7844881
11070,0.6204652
11072,0.73899716
2882,0.67282397
11074,0.49746966
2885,0.44414014
2886,0.7870025
11078,0.60974514
11079,0.6910757
11080,0.54270256
2890,0.30907738
11082,0.8089102
2892,0.390604
11084,0.529914
2895,0.31225848
11087,0.4615229
11090,0.8753727
2899,0.48694062
2901,0.39955333
11097,0.6274907
11099,0.59184706
2908,0.6840428
11102,0.59916043
11105,0.55169785
2914,0.7342424
11108,0.77564174
11111,0.45480174
11114,0.6732707
2924,0.5866924
2926,0.5537523
11118,0.8171917
2928,0.74627805
2929,0.55328846
11123,0.5432447
2933,0.46072227
2934,0.72863734
11127,0.7349986
2936,0.4941697
2939,0.87519014
2940,0.4873104
11131,0.6631715
11133,0.4687577
11134,0.5131026
2949,0.74441445
2950,0.6238449
11142,0.60710615
2955,0.51011336
2956,0.58168566
11149,0.43825933
11150,0.6282739
2960,0.7851383
2967,0.4986785
11162,0.8674027
2974,0.56253046
11167,0.71299547
2976,0.365216
11171,0.6800637
2980,0.85004413
11175,0.5740065
2985,0.68597454
2986,0.79189324
11177,0.54864883
2989,0.5948281
2990,0.6158028
2991,0.6303007
11181,0.4533682
11182,0.4506343
2994,0.6832534
2997,0.7751024
3002,0.6660934
3003,0.5425867
11194,0.7841911
3005,0.58211017
3008,0.69383377
3012,0.31638718
3019,0.7317579
3020,0.42018858
11213,0.5188128
3024,0.84511065
11216,0.58804524
3026,0.75197005
11217,0.5114713
3029,0.76945585
11222,0.57264096
3031,0.6259436
3032,0.70905733
11228,0.7260883
11231,0.31588864
11233,0.34224224
3045,0.38171983
3046,0.6682059
11239,0.71974653
3050,0.35920975
11244,0.52011603
3053,0.88227445
11245,0.35104477
3056,0.32738233
3057,0.75866127
3060,0.3541149
11255,0.43535173
3065,0.55691755
11262,0.37895954
3071,0.6927242
3072,0.883723
11263,0.78829896
3077,0.4952079
11269,0.8302234
3079,0.3600132
11270,0.37072664
3081,0.5993376
11277,0.67939544
3087,0.4387327
11280,0.76540726
3092,0.6721964
11284,0.7785486
3096,0.5095387
3097,0.5165755
3101,0.44200557
3102,0.8028484
11295,0.8443898
11296,0.41688466
11297,0.8012126
11298,0.545418
11299,0.48064706
3108,0.6327321
3112,0.35331684
3113,0.6204143
3114,0.7177083
11306,0.58556426
3117,0.7378246
11311,0.5618741
3122,0.74254185
3124,0.86612666
11318,0.5072431
11327,0.40809202
11330,0.42439404
11331,0.8143488
3140,0.50663364
11332,0.48203996
11335,0.3498252
11337,0.532662
3146,0.6597696
11342,0.4022112
11343,0.77088606
3152,0.8466721
11344,0.30888903
3155,0.70506793
11348,0.8683949
11349,0.5304275
11350,0.4659382
3159,0.5509207
3160,0.39148158
11358,0.59355253
3168,0.35762092
3169,0.80209917
3172,0.38357848
11365,0.5415739
3175,0.56696254
11368,0.3946021
11372,0.85415775
11375,0.40512058
3184,0.7548789
11376,0.6835847
3187,0.47416964
11380,0.291807
11381,0.5421915
3190,0.60943943
3194,0.73787916
3195,0.76179904
3196,0.74370855
11389,0.6312476
11391,0.43942493
3204,0.6207724
3206,0.87662345
3208,0.3009492
3209,0.39561707
11404,0.28791788
11407,0.4333511
3216,0.49963441
11408,0.37543452
3218,0.89958775
11411,0.6860516
3221,0.63958967
3222,0.57346714
3223,0.4607243
11414,0.5638959
3226,0.83588594
11424,0.5444191
3233,0.31756446
3234,0.6283353
11426,0.47591472
3237,0.6136255
11430,0.68510157
11431,0.3132331
11432,0.46873757
3242,0.5799583
3243,0.72876257
11438,0.6633812
11441,0.8591994
3253,0.63228077
11447,0.8425244
3258,0.6283784
11450,0.7404982
3260,0.37864846
11454,0.58514917
3265,0.8460642
3266,0.45598212
11457,0.42865488
11464,0.51930237
3273,0.74265385
3275,0.41902056
3276,0.4128486
3277,0.49229157
3278,0.87814534
11468,0.5276923
11469,0.7981387
11470,0.8618923
3284,0.5567806
3286,0.6964809
11480,0.3337192
11482,0.8249735
11483,0.55963975
11484,0.42535216
11487,0.4994821
11488,0.886017
3297,0.7444786
11490,0.34355786
11491,0.2531515
11494,0.7966916
3303,0.4843772
3304,0.88157266
11497,0.71897787
3307,0.6229088
3310,0.80339384
11503,0.6039059
11504,0.5139114
3313,0.8379983
11506,0.44307902
3315,0.58183914
3316,0.5877109
11508,0.60188
11511,0.5686583
11512,0.5125602
3324,0.4144827
11517,0.67530483
3328,0.52637017
3329,0.63412595
3330,0.70404637
11520,0.84859633
3332,0.5748725
11522,0.7026156
11523,0.758923
3337,0.86005217
3338,0.8971875
11529,0.8487654
11530,0.807189
3342,0.6839973
3344,0.78211784
11536,0.46600226
11540,0.68796694
3349,0.43599916
3350,0.46168745
11542,0.56200314
11544,0.4930102
11545,0.8488174
3354,0.4931659
3361,0.55859864
3362,0.53002495
3363,0.70590675
11557,0.61426246
3368,0.75782204
11561,0.6663847
11564,0.8394443
3373,0.33335298
11569,0.907138
3379,0.63655293
11572,0.6629115
11576,0.29274434
3385,0.8117956
11582,0.41257766
11583,0.5936984
3395,0.3751799
11589,0.68005383
3399,0.4777631
11592,0.79079705
3401,0.6615995
3403,0.79754
11598,0.44707596
11600,0.8342099
11602,0.7954211
11604,0.49318492
3415,0.5027007
11610,0.46117303
3419,0.54216266
11611,0.7787588
11612,0.8698285
11614,0.4911226
3423,0.48601663
3425,0.45536315
3426,0.58094835
11617,0.535786
11619,0.43737084
11621,0.7833612
11622,0.51027316
11623,0.37872148
11625,0.61293036
3434,0.87397194
3435,0.6388217
3436,0.74524295
3437,0.6496765
3439,0.86896783
3440,0.66394174
3441,0.74644256
3442,0.4430557
11633,0.62391245
3444,0.5322651
3445,0.54786915
11637,0.74663967
11638,0.63735664
3448,0.49636298
3449,0.5296268
3450,0.5513659
11639,0.73565376
11640,0.71926486
11641,0.571276
11645,0.43781075
3455,0.68148065
3456,0.8256765
11648,0.5050169
3458,0.61469036
11649,0.36932418
3462,0.89753777
3465,0.65439904
11657,0.4886516
11658,0.7713041
11662,0.64032984
11664,0.6370386
11665,0.7787344
11666,0.61587286
3476,0.5945038
11668,0.28941151
11669,0.4813371
11670,0.48084685
11672,0.45139027
3484,0.70414954
3485,0.49578813
11678,0.5558734
3487,0.8026039
3488,0.782077
11681,0.51063025
3491,0.67607445
11685,0.9227488
3494,0.5715192
3496,0.7360383
3498,0.43433207
11692,0.6044713
3501,0.47212535
11693,0.73546565
11695,0.79175514
3506,0.86923933
11699,0.5081292
3512,0.75793046
3514,0.41471535
11706,0.39545295
11709,0.34657943
3518,0.5069017
11714,0.79193074
3524,0.7096676
3525,0.56598574
11726,0.29586688
3536,0.4057192
11733,0.6979308
3542,0.60256696
11737,0.45347023
3546,0.49037614
11738,0.50704354
11739,0.7573737
11740,0.4229423
3550,0.79523236
3552,0.7666347
11746,0.4035339
11749,0.41165078
11750,0.46382976
3559,0.58688146
11753,0.6366364
11759,0.45885223
11761,0.31293246
3575,0.4546535
11768,0.6917226
11769,0.7085093
11770,0.45725867
11772,0.57961106
11776,0.7133459
11777,0.76523453
11778,0.35731596
3588,0.8456498
3589,0.63438004
11784,0.7357558
3597,0.8610457
11790,0.33967108
3599,0.770659
11798,0.45869416
11801,0.59731424
11804,0.48030955
3613,0.48962787
3614,0.7534642
11806,0.6172316
3618,0.59292877
3619,0.43665713
3622,0.85311687
3623,0.46853057
11816,0.70198214
11818,0.46144295
11820,0.7635143
3629,0.5679873
11823,0.59923935
11826,0.71546364
11829,0.4079133
3638,0.6165098
11830,0.55972415
3643,0.540944
3645,0.84445363
3646,0.66426754
11840,0.48636267
3650,0.35784054
11842,0.45171273
3654,0.6625931
3655,0.4520123
3656,0.6739489
11849,0.65566224
11852,0.4279316
11854,0.37992737
11855,0.64776593
3666,0.6372582
3668,0.28646782
11860,0.29847357
3672,0.5338329
11865,0.55941695
3674,0.6584997
11868,0.44395483
3678,0.39526838
3679,0.6601318
3682,0.53463614
11876,0.56531364
3686,0.486415
11878,0.57868207
11880,0.87773377
11883,0.6705577
3693,0.52529794
11886,0.40118912
3696,0.6346424
3697,0.5318341
11888,0.65030265
11889,0.52552605
11891,0.60795814
11893,0.58962786
3705,0.4418623
3706,0.62175447
3708,0.69407654
3715,0.8154442
11910,0.47692496
3720,0.5326991
11914,0.7526931
3723,0.58267695
3725,0.8696324
3726,0.51715136
11921,0.84492075
3730,0.76560396
3731,0.54977727
11922,0.72749645
11928,0.7262063
11931,0.40455878
11936,0.6993863
3746,0.604887
3749,0.3505442
11943,0.4899203
11944,0.6361248
11949,0.63041973
3758,0.48454925
3759,0.4543826
11951,0.6149259
3761,0.5322353
11953,0.58735365
11955,0.5771316
11956,0.57974374
3765,0.52147126
3766,0.72511864
11958,0.5917033
11960,0.74970794
3773,0.45814052
11965,0.5270228
11967,0.31844527
3776,0.2781969
3777,0.5276154
11969,0.801978
3782,0.4652188
3784,0.5564376
11976,0.64967954
3789,0.6556289
11981,0.70365924
11983,0.8105459
11985,0.42654967
3794,0.58327645
11986,0.7991055
3797,0.7348119
3798,0.43377453
11989,0.46203002
11990,0.38237455
11992,0.4859495
3802,0.6231094
11994,0.48379838
3805,0.505167
11999,0.64100873
3809,0.60629517
12002,0.66202563
3813,0.3723967
12007,0.42279303
12008,0.5079545
3817,0.51577383
3818,0.34145492
12009,0.73636794
3820,0.5612875
3821,0.4011128
12010,0.30984116
12011,0.5600336
12013,0.59653056
3825,0.5292374
12015,0.5521438
3827,0.7019772
3828,0.83381546
3830,0.5462231
3834,0.40867513
12026,0.58756864
3840,0.55086267
3843,0.73945355
12037,0.67319405
3846,0.4772847
3847,0.64832246
12040,0.7566551
12043,0.5044795
12046,0.71957827
12049,0.4452413
3859,0.73311627
12052,0.63847065
12054,0.816447
3863,0.46389574
3867,0.63670516
3868,0.35951307
12059,0.67967063
12060,0.8518922
3872,0.6740028
12066,0.42561048
3875,0.52317095
3878,0.41838253
3879,0.8056914
12077,0.86950314
3888,0.58892745
3889,0.7204403
12081,0.28370324
3892,0.2863303
3896,0.6898266
12091,0.77936697
12092,0.5531003
3901,0.7546682
12098,0.8847086
12099,0.5547623
12100,0.60781217
3909,0.9111285
3910,0.5001543
12101,0.7862785
3913,0.37294742
12107,0.6783743
12108,0.80267316
3917,0.72360283
12114,0.6034886
12116,0.51218617
3925,0.43655324
3927,0.3523441
3928,0.665785
3929,0.445347
3930,0.68272054
3931,0.8572036
12125,0.6899945
12133,0.7292876
3942,0.8303971
3943,0.489098
3947,0.7434072
12139,0.65476894
12140,0.2786661
3952,0.54881376
12144,0.740423
3957,0.6110651
3959,0.4447072
12151,0.5755704
12153,0.6731128
12161,0.50794667
12166,0.5851506
3978,0.44717854
12171,0.47337326
3981,0.52376974
12173,0.68840456
3983,0.76982397
12176,0.6616746
3985,0.73541635
3989,0.3413424
3991,0.80461895
12186,0.5670635
12188,0.72492695
12191,0.80015844
4001,0.5555613
12194,0.5597374
4005,0.84450275
4007,0.6282051
12200,0.558369
4009,0.6417324
4010,0.7253643
12203,0.5766231
12204,0.5237668
12205,0.7297761
12207,0.7304557
4019,0.77920294
12211,0.49789295
4021,0.51768184
4026,0.498258
12218,0.42217988
12220,0.6024546
4029,0.5500817
4030,0.4914588
12221,0.62695324
12225,0.5724775
12226,0.608469
4035,0.31570324
12231,0.46273264
12232,0.4601087
4042,0.6038299
12234,0.36818796
4047,0.43612564
12240,0.6685947
12242,0.8095117
12243,0.5738883
4052,0.6558862
4053,0.8745271
12245,0.7828925
12248,0.27515733
4057,0.5263222
4060,0.8442504
12252,0.8096809
4062,0.49415043
4063,0.8844254
4064,0.7531938
12255,0.5040412
4066,0.42080185
12258,0.5515878
12260,0.5274995
12262,0.71631855
4071,0.45626384
4075,0.6359332
4080,0.79476243
12272,0.52457917
12274,0.41596797
4085,0.49584064
4086,0.6678762
12277,0.43329605
12279,0.7290214
4091,0.42398638
4092,0.44189212
12288,0.37291333
12290,0.7631643
12292,0.5690165
12296,0.54938644
12297,0.42674533
4106,0.8374818
4110,0.55742604
4111,0.7379987
4113,0.77541727
4116,0.6085353
12309,0.78417504
4119,0.54189664
4120,0.7296462
4121,0.30336994
12311,0.47150418
12313,0.4485523
4124,0.5294362
12317,0.8212881
4127,0.76421964
12321,0.69620746
4130,0.38039124
4131,0.5686819
12322,0.8259714
12327,0.5673647
12330,0.8614632
4140,0.5706256
12333,0.634621
12334,0.84765965
12335,0.8095276
12337,0.8473326
4147,0.77587813
12339,0.7468396
4149,0.4464005
12342,0.3465472
4152,0.38906685
4153,0.51426905
12344,0.8700776
12347,0.59464455
12348,0.5202672
4157,0.44560477
4159,0.41052425
4160,0.63613784
4161,0.67645675
12351,0.7236443
12352,0.56476957
4164,0.69234747
12356,0.57552284
12357,0.33010215
12360,0.34737822
12362,0.5517905
12364,0.49481747
4173,0.59716606
4174,0.7533917
12369,0.59213805
12370,0.6339429
4181,0.50749576
4183,0.28193507
12376,0.5000437
4186,0.7433333
4191,0.33196354
12383,0.3017859
4194,0.72234595
12387,0.7996515
4197,0.35431316
4198,0.46161002
4199,0.5211162
12390,0.31314975
4203,0.7588859
12395,0.60356295
4206,0.76891
4207,0.5864468
12400,0.44325846
12401,0.49302155
12402,0.7980268
12403,0.88753676
4215,0.8301137
12408,0.5879309
4222,0.53923094
4225,0.8592049
12418,0.40638623
4228,0.60074437
12420,0.5844282
12423,0.69396436
12425,0.8427651
4234,0.8968272
4235,0.37239715
12428,0.5346509
4237,0.43069664
12429,0.42347378
4241,0.48920125
4242,0.5702948
4246,0.6975776
4247,0.5588679
4248,0.48189798
12439,0.57161087
12440,0.71574783
12441,0.8076022
12442,0.8152224
4254,0.44895124
12447,0.4770062
4257,0.60870594
12450,0.4938975
4259,0.38978955
4260,0.48790255
12451,0.58570075
4262,0.59156024
4263,0.52697533
12453,0.346205
4265,0.7524042
4266,0.5368051
12457,0.38759556
4268,0.5324291
4269,0.44761044
4270,0.85293317
12461,0.7340239
12464,0.7032202
4275,0.6310427
12468,0.7320469
4279,0.5223259
12471,0.72729796
12472,0.89206356
4282,0.725108
12474,0.80887556
4284,0.8372159
4285,0.36828446
4286,0.44332978
4287,0.75985694
12476,0.8656056
4290,0.5670076
4293,0.6413849
12488,0.43955204
4297,0.41453058
4299,0.49263677
4305,0.38277566
12498,0.7696514
12499,0.7638776
4312,0.52325034
12507,0.51553166
4316,0.8656643
4317,0.6688469
4320,0.7460033
12512,0.64965826
12513,0.55524397
12514,0.4273204
12515,0.43048868
4325,0.52409977
12518,0.41813686
4327,0.43998256
4329,0.92980933
4330,0.5998274
4331,0.8724364
12521,0.37005588
4333,0.8078747
12522,0.59389025
12524,0.33173552
12531,0.59648895
4343,0.6136197
12536,0.6338604
12539,0.8646248
12542,0.57078457
12546,0.69007725
12549,0.87480086
4358,0.66358596
12553,0.5389137
4362,0.6321717
4365,0.6880047
12557,0.5053212
12558,0.49500576
4369,0.8810266
12561,0.5468837
12562,0.4348144
4372,0.49702293
4373,0.7806726
4376,0.7037502
12568,0.5344906
4384,0.5660777
12577,0.6571165
4386,0.59728557
4387,0.70925087
12580,0.49846774
4389,0.44068527
4390,0.58375764
12582,0.28532243
12584,0.57297575
12591,0.7671532
4400,0.41028684
12593,0.39879915
4403,0.6202206
12595,0.51940084
12598,0.6508629
4407,0.60581815
12599,0.55433
12600,0.52977014
12601,0.74012387
12605,0.62353766
12607,0.5153825
12611,0.6727568
4423,0.6467666
4424,0.46916804
4427,0.5422117
12619,0.8160249
4429,0.3802122
12621,0.8219431
12622,0.64909655
4432,0.52467173
12623,0.45991346
4437,0.4558842
4438,0.92400634
12633,0.90049684
4442,0.43163612
12639,0.5802941
4449,0.4550447
4450,0.5659631
4451,0.716607
12643,0.80738056
4455,0.85048896
12650,0.4566201
4459,0.37442037
4460,0.43671006
4461,0.5446107
12652,0.57974434
4463,0.5838564
12653,0.55034024
4465,0.4602572
12658,0.6720917
12659,0.78225785
12660,0.67385143
12661,0.60972124
4470,0.5926353
12663,0.8330824
4473,0.5883477
12665,0.5069413
4477,0.4867171
12671,0.7139633
12672,0.9213059
4481,0.3771677
4482,0.61483675
4483,0.757729
4484,0.5036284
12676,0.6212463
12678,0.49064302
4487,0.4937611
12680,0.48337412
4489,0.7760761
12681,0.4751599
12686,0.3506911
4496,0.58183855
4499,0.6439534
4504,0.60528666
12696,0.52378565
4507,0.49669147
4509,0.67705804
4510,0.6731504
4511,0.55709654
12707,0.4664953
4517,0.4358403
4521,0.5422603
4523,0.63401574
12715,0.72350514
4525,0.8876736
4526,0.6839164
12722,0.40375882
12725,0.52695113
4535,0.871908
12730,0.434246
4540,0.60388
4541,0.39489633
12732,0.623848
4546,0.47962826
12739,0.40456757
12742,0.50890505
12743,0.80076945
4553,0.6367352
12747,0.5805418
4560,0.5943615
4561,0.7311452
4562,0.5930987
12752,0.44871333
12754,0.8549062
4565,0.38164485
12756,0.47936797
4567,0.38280475
4568,0.61655706
4569,0.6482129
12762,0.7519223
12763,0.87360585
4573,0.79581296
12771,0.8693808
12773,0.70645964
12774,0.5001181
4583,0.32308275
12777,0.46342942
12778,0.63179564
12779,0.43480128
12782,0.7250265
12786,0.4028097
4595,0.44009498
12788,0.34667718
4598,0.50833666
4608,0.46619803
12802,0.4802229
4611,0.64451164
4612,0.73504007
4615,0.5211594
12807,0.50490576
4619,0.8230878
12812,0.6578173
12813,0.9062466
4629,0.4004992
12821,0.49684578
12823,0.78814936
4633,0.48887557
4634,0.71962476
4635,0.90899473
12825,0.53596884
4638,0.6091349
4641,0.2591683
4642,0.8878244
4646,0.49878594
4647,0.81265724
4649,0.4871077
12841,0.83584005
4652,0.5886182
4653,0.8886117
4654,0.5267326
12844,0.6271957
4657,0.49606335
12849,0.629076
12851,0.32978064
12852,0.6328868
4662,0.32584286
12854,0.7866924
4664,0.6626322
12857,0.4641738
12858,0.5945234
12862,0.5173967
4672,0.54816514
4673,0.42701495
12867,0.70651424
12869,0.5259751
4678,0.886812
12872,0.44578654
12875,0.48578155
4690,0.76274586
12886,0.8428593
4699,0.4486943
12892,0.7540954
4701,0.29286832
4703,0.4275917
4704,0.540124
12901,0.435344
12904,0.8664446
4713,0.2576402
12905,0.51011777
12909,0.37031087
12911,0.83928114
12914,0.82395494
12916,0.44934225
12919,0.39287645
4730,0.827399
4731,0.72407204
12924,0.5554476
12925,0.5814473
12926,0.6847516
4736,0.77718836
12930,0.6419798
12931,0.5075994
4740,0.62341356
4741,0.7658053
12935,0.3892602
4746,0.62067765
12940,0.5591661
4751,0.5268487
4752,0.520702
12944,0.45886168
12945,0.4061741
4756,0.64400214
12948,0.6507311
4762,0.59819627
12954,0.60548705
12955,0.5836756
4765,0.7290127
4766,0.5823805
4767,0.5203525
12960,0.78342646
4770,0.6288585
4777,0.8359515
12971,0.88345987
12972,0.3840048
4782,0.47245634
12974,0.48367468
4786,0.61742723
4788,0.73425037
4790,0.60167056
4794,0.8218257
4797,0.6501396
12991,0.74647
12994,0.3897557
12996,0.5785493
12998,0.6621633
4808,0.56941813
13000,0.7947515
13006,0.7647455
4815,0.5536316
4818,0.67963845
13011,0.71803695
4821,0.61615086
4824,0.42838976
4825,0.6808815
13022,0.4582773
13023,0.42762324
13024,0.33027995
4833,0.5549561
4838,0.7906917
13033,0.630917
4842,0.75317276
4844,0.5202701
13039,0.6022102
4848,0.7912884
4849,0.43864632
13041,0.7089356
13042,0.6805737
13044,0.41767573
13046,0.79944307
13048,0.7955102
13049,0.8014275
4866,0.2674353
13059,0.44256443
4868,0.43629268
4869,0.528178
13063,0.8106544
4872,0.5065085
13064,0.322861
13065,0.4006129
4875,0.78697985
13067,0.5839996
4877,0.76992285
13071,0.3282132
13072,0.7653588
4881,0.684378
13073,0.7261755
4884,0.76443106
13076,0.4676818
4886,0.5342106
4887,0.55334526
13080,0.48913428
13081,0.47498444
13083,0.6950801
13084,0.5707514
4895,0.44074446
4896,0.39964068
13087,0.5594771
4898,0.7965472
13088,0.561547
4900,0.692181
4901,0.5244361
13092,0.5052026
13093,0.4112174
13098,0.7695741
4908,0.904405
13104,0.6847071
4914,0.66757613
13106,0.55580896
13108,0.43556204
4917,0.4145268
13109,0.6737088
4919,0.5137376
4920,0.5466489
13112,0.5659781
4923,0.49337208
4925,0.6035934
13117,0.76794285
13118,0.6563961
13124,0.7089351
4933,0.5092307
4936,0.7723093
4937,0.45810834
13128,0.57513684
13132,0.8363003
13133,0.5750811
4942,0.5224664
13140,0.32434103
4950,0.430796
4954,0.5954202
13149,0.38317955
4958,0.46543384
13152,0.7116071
13153,0.48767263
13154,0.43270582
4964,0.750935
13156,0.44146
13157,0.57805014
13162,0.65627354
4971,0.54657
4972,0.5675831
4973,0.42471388
4974,0.6318314
4975,0.69448584
13164,0.3798686
4978,0.82128483
4981,0.46252364
13174,0.5551224
13178,0.8458378
13183,0.5805755
4992,0.6806082
13184,0.7697858
4995,0.5283092
13187,0.6452889
4997,0.3781148
13188,0.31759962
4999,0.46624857
13191,0.7689394
13192,0.69658834
13193,0.5563206
13198,0.40541944
5007,0.8363393
13202,0.70905733
13206,0.6848475
13207,0.69280744
13208,0.49784335
5017,0.4229304
13210,0.7638698
5020,0.63220644
13216,0.44143748
13218,0.7049658
5027,0.80183136
13224,0.58811975
13228,0.720184
13230,0.73528135
5039,0.49724945
5040,0.764456
13235,0.77739024
5045,0.40862024
5050,0.5519934
13242,0.6258805
13244,0.8661829
5053,0.52581644
5056,0.6638348
5057,0.5238538
13251,0.424429
13252,0.34586483
5061,0.7592471
13253,0.43001541
5068,0.40487406
5070,0.5103246
5072,0.5446677
5073,0.610521
5075,0.37620384
5076,0.72805774
13267,0.8737171
13269,0.60898143
5081,0.76743054
13273,0.70488566
13275,0.7937283
5084,0.5827268
13279,0.4244556
13280,0.84207857
13282,0.2683088
5092,0.48526627
5093,0.4096998
13286,0.8735706
13287,0.5474676
13288,0.4200724
5097,0.733684
13289,0.46278492
13291,0.8809929
5100,0.33454442
5109,0.61282945
13301,0.82609147
13302,0.6611293
5112,0.6724316
13304,0.8121234
13307,0.6811136
5116,0.6247259
13310,0.395058
13312,0.519253
5123,0.6547069
5126,0.65828675
13319,0.4053409
13321,0.84997535
5132,0.77819055
5136,0.7994666
5138,0.61806506
13330,0.3355607
5140,0.3772194
5141,0.82386184
13332,0.67204833
5143,0.756139
13333,0.8274757
5145,0.83279574
5146,0.48246902
5147,0.5088536
13334,0.33044225
13335,0.7409622
13336,0.5461112
13342,0.47331655
13344,0.5294517
5153,0.37891003
13345,0.6337794
5157,0.91369426
5159,0.79417366
5162,0.83025175
13355,0.52385694
13357,0.41471002
13358,0.53231955
5168,0.762496
5174,0.6354582
5175,0.84025663
13366,0.7197544
5179,0.52983576
5180,0.7254964
5186,0.7548536
13379,0.4143448
5188,0.53683364
5189,0.44668135
13383,0.7025528
5192,0.74485606
13384,0.43082702
5194,0.6846154
5195,0.7279387
13385,0.8191555
5197,0.77732897
13387,0.86460036
13391,0.5405175
5204,0.5535184
5205,0.43195707
5206,0.4797287
13398,0.7323497
5211,0.42930588
13404,0.5241663
13405,0.7763884
13406,0.6332124
13409,0.48998186
13411,0.6225736
5220,0.380371
5222,0.44110367
5223,0.7869727
5224,0.8036287
5226,0.544569
5227,0.6306175
13419,0.42777988
5229,0.54201114
13425,0.76428866
13426,0.8028569
13427,0.50253606
5237,0.86186785
5239,0.49634025
5244,0.6766809
13437,0.468753
5246,0.3994118
5249,0.560505
13442,0.9139362
5251,0.33634698
5252,0.57440734
13443,0.66799355
13444,0.7460166
13447,0.5882713
13448,0.35366037
5257,0.7323752
5258,0.58937263
13451,0.38802928
13459,0.5986783
13461,0.45723167
5272,0.6329065
5273,0.57565576
13464,0.52612215
13470,0.26145208
13471,0.58074677
13472,0.81430525
13473,0.40893033
5282,0.6880452
13474,0.61742747
13475,0.5568549
13477,0.6872467
5286,0.5677462
13478,0.6843115
5288,0.8502262
13481,0.68242806
13482,0.3133554
5291,0.7451407
5292,0.46780327
5294,0.30871063
5295,0.7113084
13487,0.6785476
5297,0.6738332
5298,0.52971154
13489,0.886017
13490,0.34304458
13496,0.4070374
5307,0.6145686
5308,0.51836574
13499,0.3970838
13501,0.48632064
5311,0.36050496
13509,0.76090527
5318,0.69542116
5319,0.6163032
5320,0.7532255
13512,0.6597443
5322,0.84357214
5323,0.851361
5324,0.5987252
13515,0.40633914
13517,0.4891802
13521,0.9008409
5330,0.8312301
13522,0.679021
13524,0.50651383
5333,0.3167871
13527,0.7705681
13530,0.5422254
5339,0.43133315
13531,0.591759
5341,0.5849605
13533,0.6201298
5347,0.31027633
5350,0.87248254
5351,0.9165619
5353,0.43914258
5354,0.6548162
5355,0.40719524
5356,0.67665374
5357,0.67791957
5367,0.46160564
13560,0.585757
5369,0.8565959
13562,0.435222
5371,0.6627441
13563,0.49928814
13566,0.45920822
5376,0.746147
13568,0.5483885
13569,0.78371173
5380,0.5384587
13572,0.4587368
13573,0.31187016
13574,0.4945025
13575,0.33585212
5385,0.6416678
13577,0.5252899
13580,0.7206684
13582,0.81884056
13584,0.66296875
5393,0.25920936
13587,0.52802956
13590,0.43680084
5400,0.5446655
13592,0.7307539
5404,0.64909744
5406,0.35321698
13600,0.48994735
5409,0.52989006
13605,0.8564275
5415,0.57891786
5416,0.6236058
13607,0.7048739
13612,0.8437808
13617,0.4023396
5427,0.7586577
5428,0.4110263
5432,0.6794356
13625,0.6655881
5435,0.45989874
13628,0.56345683
5437,0.6538648
13630,0.9178346
5444,0.65774775
13637,0.6160264
5446,0.55647624
5447,0.82293457
5448,0.39591944
5449,0.44439605
13638,0.43661478
13643,0.3599156
5453,0.4337924
13645,0.89530456
13647,0.74738115
13648,0.85356575
5457,0.56798303
13653,0.57647705
5462,0.67408454
5464,0.56138504
5465,0.8082955
13657,0.5436751
13662,0.4629234
13665,0.84346646
5479,0.6582959
5481,0.3442805
5482,0.7747764
13675,0.7807604
13680,0.47588047
13683,0.40280038
13684,0.8018513
5493,0.66953903
5494,0.69248086
13685,0.42190287
13686,0.40212226
13687,0.26504362
5498,0.746059
5499,0.7526244
13689,0.4707935
13692,0.7910025
5503,0.88450766
13697,0.46878755
5507,0.61485744
5508,0.75635
13702,0.51103723
5511,0.7273457
5513,0.5222599
5516,0.5955349
5517,0.4272702
13708,0.48020598
13710,0.66618764
5520,0.5158454
5522,0.6764856
13716,0.3136727
5525,0.65320146
5530,0.7924012
13722,0.5969997
5532,0.40310454
13724,0.87444896
5534,0.5570935
13725,0.8867187
13729,0.54486394
13730,0.7568633
13731,0.37866
13736,0.41455588
5548,0.5550795
5549,0.8607274
5553,0.83748513
13746,0.39960817
5555,0.31481203
13747,0.7053099
5560,0.6826736
5566,0.51871073
13760,0.80769736
5570,0.7555132
13762,0.7027085
13765,0.57173294
13766,0.5923509
13767,0.60893565
5576,0.727727
5577,0.5294202
13770,0.82231176
13771,0.52882034
13774,0.4975268
5588,0.7854315
5595,0.3895442
5596,0.50600713
13787,0.49363813
13792,0.607246
5604,0.62873167
5612,0.7083673
5617,0.6680658
5626,0.4971661
5633,0.53892994
5634,0.66376585
5638,0.44955006
5639,0.9169757
5640,0.35757726
5642,0.79223
5644,0.7488085
5648,0.41346306
5664,0.46059862
5669,0.50659305
5672,0.6080453
5674,0.3938117
5678,0.52231777
5680,0.63313377
5683,0.40851337
5684,0.26686034
5686,0.7387143
5689,0.393662
5693,0.38061458
5698,0.8141505
5704,0.78999907
5714,0.65273416
5717,0.57957506
5720,0.5124235
5724,0.4273759
5727,0.31266713
5731,0.58600503
5736,0.87327206
5741,0.6211753
5742,0.4658411
5752,0.52735734
5759,0.7077778
5760,0.4013533
5761,0.79237753
5768,0.68051803
5771,0.59677744
5782,0.36378723
5785,0.76801157
5787,0.50673914
5789,0.8550658
5793,0.46709844
5795,0.5334708
5796,0.4593445
5806,0.6389818
5809,0.520751
5810,0.6199294
5815,0.29762957
5816,0.6246006
5821,0.4512376
5824,0.73556536
5829,0.73366296
5835,0.33446857
5836,0.47128558
5838,0.5998284
5839,0.5090326
5847,0.7567164
5849,0.59884757
5856,0.30158865
5860,0.5906533
5865,0.69659203
5866,0.5600951
5868,0.59870607
5875,0.39359468
5885,0.38409722
5893,0.62752193
5897,0.6543829
5898,0.4796177
5911,0.5745199
5912,0.627484
5913,0.8663013
5915,0.6694883
5920,0.7062785
5929,0.5114708
5940,0.5033292
5945,0.4481367
5948,0.62860453
5954,0.45914778
5961,0.7569646
5966,0.5587135
5968,0.75683266
5974,0.58160585
5979,0.8547122
5982,0.58840066
5986,0.3520791
5989,0.45871642
5995,0.3694999
5996,0.39478153
5998,0.54384315
6001,0.5254567
6003,0.7726469
6007,0.5474536
6012,0.5201642
6017,0.4760088
6018,0.73045343
6019,0.9134464
6020,0.2958242
6022,0.8224034
6026,0.5290356
6028,0.44777563
6030,0.48648474
6031,0.86146253
6044,0.6488247
6046,0.5276304
6055,0.7719889
6060,0.56472844
6062,0.8846365
6067,0.3462848
6074,0.48508227
6077,0.70111835
6078,0.43811688
6082,0.65372485
6084,0.3205682
6088,0.71013767
6089,0.892001
6090,0.8015271
6097,0.8601606
6102,0.7028239
6106,0.3965607
6108,0.48024383
6109,0.86331904
6116,0.39457458
6119,0.66741484
6120,0.53680587
6122,0.439359
6124,0.52695817
6127,0.58787066
6129,0.5444662
6132,0.5124935
6134,0.62447584
6139,0.40692613
6140,0.54119617
6141,0.7222238
6149,0.56457174
6151,0.7378514
6152,0.61786634
6154,0.59262615
6156,0.7269564
6157,0.69762284
6161,0.4887779
6173,0.43547776
6174,0.56710845
6176,0.4056636
6177,0.46483532
6178,0.2895297
6185,0.49670428
6189,0.68285775
6191,0.4613187
6195,0.746967
6201,0.7442796
6203,0.9248709
6213,0.4108464
6215,0.8445649
6221,0.4253836
6229,0.775736
6233,0.56573844
6238,0.43372032
6241,0.65897256
6246,0.790205
6248,0.6187705
6250,0.32843238
6257,0.5655464
6262,0.79188275
6264,0.8491424
6265,0.6134898
6266,0.38650703
6267,0.6661276
6269,0.5516662
6270,0.8912243
6271,0.70912474
6272,0.40190086
6275,0.5435952
6278,0.5291355
6279,0.48031658
6280,0.4956071
6284,0.7745674
6285,0.4018558
6291,0.73071146
6292,0.82084066
6296,0.8166685
6301,0.5355
6304,0.51080745
6307,0.5767669
6308,0.88384485
6314,0.65636075
6316,0.52425355
6318,0.7445699
6321,0.40173432
6323,0.47209686
6325,0.3659748
6326,0.49649614
6332,0.46429706
6333,0.77308625
6336,0.8236619
6347,0.54618603
6349,0.8455539
6352,0.81951195
6363,0.8978347
6368,0.5803344
6370,0.82897127
6372,0.6318982
6373,0.499646
6382,0.7967915
6403,0.6892007
6406,0.5798812
6408,0.6514826
6409,0.6453569
6411,0.6615735
6412,0.75386196
6414,0.5021109
6421,0.50452435
6430,0.3602019
6431,0.6917091
6434,0.497519
6436,0.4478349
6445,0.5043601
6448,0.58798164
6456,0.8408938
6459,0.813867
6462,0.5718982
6468,0.57629263
6470,0.5695754
6474,0.334297
6485,0.5729374
6486,0.7459652
6489,0.529714
6493,0.40502724
6498,0.34204277
6500,0.47474077
6501,0.57986945
6506,0.61985534
6509,0.48028445
6513,0.7565785
6514,0.6614494
6524,0.55386436
6525,0.3443212
6529,0.68979603
6533,0.47387728
6535,0.6685815
6537,0.46202493
6538,0.51589066
6545,0.3879969
6551,0.43391052
6553,0.5991607
6555,0.7308908
6562,0.6348545
6567,0.45881337
6571,0.45306692
6572,0.6097439
6574,0.65553457
6579,0.861272
6580,0.338628
6586,0.33412027
6588,0.8072117
6591,0.5234542
6594,0.32104647
6600,0.39214876
6603,0.89464736
6607,0.5417191
6610,0.52710676
6612,0.25967067
6621,0.5817386
6623,0.9159639
6624,0.41375908
6626,0.5393462
6628,0.6216684
6634,0.47735754
6636,0.46086785
6638,0.8610689
6640,0.41872343
6644,0.3459054
6649,0.55592036
6650,0.40136972
6651,0.74216956
6653,0.7553449
6656,0.7784099
6657,0.33576933
6665,0.50992906
6670,0.5611894
6675,0.4689126
6683,0.33872578
6687,0.5303365
6692,0.60524946
6693,0.5497658
6698,0.45773944
6701,0.45018834
6708,0.27548718
6710,0.3254374
6714,0.3402854
6715,0.554347
6717,0.6373112
6718,0.72914404
6720,0.6260883
6730,0.581337
6732,0.5783159
6735,0.5930614
6736,0.91323113
6737,0.581785
6745,0.5799427
6746,0.8490502
6759,0.34471926
6764,0.92712486
6768,0.56491894
6769,0.48897496
6772,0.29367524
6773,0.8760895
6775,0.8284126
6780,0.78858405
6784,0.716707
6785,0.5418447
6790,0.8541081
6791,0.8812449
6792,0.5752007
6794,0.38709456
6810,0.41735613
6812,0.46159995
6816,0.3362719
6820,0.37824148
6823,0.61982954
6825,0.72580254
6828,0.3748618
6829,0.7811942
6830,0.59912807
6831,0.33499336
6832,0.43802148
6834,0.376948
6836,0.481394
6839,0.7708048
6843,0.44400102
6846,0.3567057
6847,0.5263399
6851,0.7338512
6854,0.43414208
6855,0.8683725
6857,0.7508832
6861,0.45681903
6867,0.5273089
6869,0.6498691
6870,0.7091143
6872,0.73383075
6877,0.52449715
6878,0.6401137
6885,0.5484089
6887,0.72804064
6889,0.5732983
6890,0.6159937
6894,0.4838068
6897,0.5147189
6906,0.8632292
6915,0.6924836
6916,0.35316256
6917,0.5260022
6920,0.71180224
6921,0.7515067
6922,0.8798179
6923,0.81912524
6935,0.6557711
6936,0.6438798
6937,0.56267715
6940,0.593859
6946,0.7665063
6948,0.72068375
6949,0.48251233
6956,0.51258683
6957,0.56505096
6959,0.37284696
6960,0.66399276
6967,0.40570483
6973,0.5161586
6974,0.53888214
6976,0.48041853
6982,0.5420776
6984,0.39282742
6985,0.6366296
6987,0.5519726
6990,0.37194532
6991,0.73416406
6992,0.4546601
6998,0.47936797
7004,0.5163064
7005,0.652966
7008,0.78902906
7011,0.5788018
7013,0.7493074
7015,0.60305566
7016,0.59365404
7021,0.5904365
7026,0.3553276
7027,0.80903494
7030,0.66063607
7033,0.4465572
7035,0.50042236
7039,0.5399391
7044,0.73686665
7046,0.6482535
7047,0.31154865
7048,0.3320781
7050,0.6432257
7052,0.6956571
7053,0.5475223
7054,0.5152293
7057,0.5102184
7060,0.6162732
7062,0.78191715
7070,0.397485
7076,0.34652624
7077,0.40687624
7081,0.83539915
7089,0.72632235
7091,0.50142395
7093,0.6607228
7095,0.39858836
7097,0.44264644
7100,0.24266313
7103,0.75274503
7105,0.58269596
7113,0.37510622
7118,0.6331177
7120,0.47045153
7131,0.31570312
7137,0.6002496
7139,0.7990689
7140,0.5537571
7142,0.44915283
7144,0.3356728
7148,0.61349267
7153,0.78344125
7154,0.7110476
7159,0.41266087
7160,0.4921929
7161,0.69496757
7167,0.41453543
7168,0.84972596
7169,0.685234
7183,0.7681931
7189,0.3867307
7191,0.47601852
7195,0.78787017
7196,0.31874692
7197,0.48651785
7198,0.74408656
7201,0.48100224
7202,0.7247172
7217,0.6104744
7220,0.33461463
7223,0.52302223
7230,0.5673554
7235,0.4459242
7236,0.6443108
7237,0.50400007
7248,0.26958653
7249,0.6695543
7253,0.5613152
7255,0.6941676
7256,0.48402795
7257,0.42081833
7264,0.7512798
7266,0.4225621
7275,0.71714437
7284,0.4893568
7287,0.52117544
7289,0.6082108
7290,0.81938887
7292,0.9014504
7293,0.38726932
7296,0.5328029
7298,0.598251
7305,0.5080705
7308,0.8891879
7311,0.63840765
7312,0.42848244
7314,0.54672456
7315,0.4038019
7320,0.45817807
7324,0.7108188
7326,0.5700803
7333,0.6089516
7334,0.4460527
7337,0.46448147
7338,0.7071054
7344,0.6317745
7350,0.77735084
7353,0.38577592
7355,0.5756131
7356,0.81488
7357,0.4748595
7359,0.43914273
7360,0.64261335
7361,0.808422
7362,0.59659094
7363,0.6268977
7364,0.5597094
7369,0.60308784
7372,0.68986845
7379,0.91309965
7382,0.43286675
7384,0.6686792
7387,0.68429476
7389,0.68503994
7393,0.32127237
7404,0.73966295
7407,0.78267735
7410,0.44315514
7414,0.57192546
7416,0.39076978
7417,0.7255392
7419,0.4679195
7425,0.37990105
7426,0.49305227
7432,0.497758
7433,0.4347857
7435,0.843434
7438,0.742256
7441,0.5086886
7443,0.46296677
7448,0.5815751
7456,0.5502861
7457,0.68420047
7458,0.8947238
7459,0.28247613
7460,0.82307804
7464,0.6639251
7466,0.65178424
7467,0.6147305
7470,0.4721122
7472,0.5348088
7486,0.57676363
7501,0.6242613
7504,0.585132
7505,0.620893
7507,0.5588313
7508,0.80491775
7511,0.57355195
7513,0.49711624
7516,0.38136423
7518,0.73017704
7523,0.76785517
7524,0.74138683
7525,0.51366633
7528,0.66756487
7530,0.82016003
7535,0.40928975
7538,0.40465888
7539,0.50606453
7546,0.7644088
7548,0.6196749
7551,0.6968277
7556,0.31450206
7557,0.56877786
7566,0.7145917
7567,0.82096493
7573,0.3495692
7575,0.85259926
7577,0.70138437
7579,0.5107302
7582,0.38808665
7583,0.8245704
7587,0.4606391
7590,0.51338774
7599,0.24658811
7600,0.8032731
7602,0.24257432
7605,0.2962884
7606,0.45249835
7611,0.53121966
7613,0.30716714
7615,0.35092846
7631,0.5071584
7637,0.84333587
7639,0.8620494
7640,0.6366838
7642,0.6067571
7643,0.43041974
7650,0.6085151
7651,0.73475146
7653,0.46057585
7655,0.6074057
7656,0.51973456
7659,0.90485436
7661,0.7179029
7666,0.7052103
7667,0.5632413
7671,0.53916293
7674,0.6198166
7685,0.55779463
7686,0.5075995
7688,0.6001734
7692,0.5935258
7693,0.5191692
7696,0.69943047
7706,0.6845787
7711,0.54890335
7718,0.5924201
7721,0.37837052
7723,0.75188684
7724,0.42591485
7728,0.7137036
7729,0.7372342
7731,0.7213046
7732,0.74609953
7738,0.47827747
7745,0.6028895
7751,0.6435712
7758,0.3888753
7760,0.88128847
7761,0.59103364
7763,0.4669899
7766,0.5828395
7767,0.3734129
7774,0.38794
7779,0.43833107
7780,0.41712415
7784,0.6571857
7785,0.38161078
7791,0.63090664
7795,0.8506559
7796,0.7301265
7797,0.31861937
7804,0.7201408
7806,0.3616238
7811,0.4508052
7816,0.46200407
7820,0.5665939
7821,0.51601934
7822,0.7069729
7823,0.48002622
7836,0.6030144
7841,0.75947416
7847,0.47238988
7848,0.66930044
7852,0.8468547
7859,0.54321265
7860,0.70785475
7861,0.6747443
7862,0.44745475
7867,0.8788144
7868,0.6318464
7871,0.71194637
7875,0.53662753
7886,0.6121477
7888,0.7008011
7896,0.42111334
7899,0.49926507
7900,0.4561995
7901,0.74906814
7902,0.64432263
7904,0.68461
7905,0.56697875
7906,0.76028216
7914,0.56928724
7915,0.88764817
7917,0.86648315
7918,0.5508401
7922,0.30404022
7923,0.2606255
7926,0.3595122
7935,0.3804628
7938,0.5723512
7940,0.4727311
7941,0.3177043
7946,0.31594777
7954,0.3742641
7957,0.69719976
7960,0.578613
7962,0.41974068
7966,0.6553177
7969,0.7532847
7972,0.34510648
7973,0.37827724
7975,0.86601245
7982,0.38974935
7983,0.31564218
7986,0.5462379
7988,0.58839995
7993,0.5344964
7995,0.72980857
7997,0.7887848
8002,0.6197176
8005,0.5769844
8007,0.86035335
8010,0.3308156
8013,0.633351
8015,0.56979954
8020,0.5559925
8021,0.841408
8023,0.77479094
8026,0.8872252
8032,0.58096474
8033,0.62896824
8036,0.54451627
8039,0.3789553
8049,0.7171332
8052,0.739538
8057,0.4467823
8064,0.8860014
8066,0.51032686
8072,0.80045414
8075,0.43815997
8076,0.6662921
8082,0.64108604
8084,0.8539961
8086,0.4887721
8089,0.32397145
8090,0.3602329
8096,0.40140724
8099,0.52951413
8113,0.34006208
8114,0.37323892
8121,0.60002583
8125,0.58829933
8126,0.4892049
8130,0.6423427
8133,0.49000368
8134,0.4852601
8139,0.5446495
8144,0.6292529
8145,0.30754563
8148,0.3728833
8153,0.8430844
8163,0.5848534
8165,0.5745856
8166,0.6067695
8168,0.48053396
8170,0.31376615
8172,0.45558682
8173,0.4372974
8175,0.75290704
8176,0.56598186
8178,0.4279612
8181,0.85223943
8183,0.50072956
